ratio_routed,tt_non_routed,tt_routed,tt,tt_local,tt_non_local,gas,gas_local,gas_non_local
0.000000000000000000e+00,3.911177996584288508e+01,2.962700684573773557e+01,3.911177996584288508e+01,9.581752711897529862e-01,3.815360469465313287e+01,4.034846665265310435e+02,7.867561788839426917e+00,3.956171047376915908e+02
2.000000000000000111e-01,3.551870327025140028e+01,2.998764603464246647e+01,3.441249182312961352e+01,1.883135366504427699e+00,3.252935645662518738e+01,3.887290452416020798e+02,1.762882175370229021e+01,3.711002234878997683e+02
4.000000000000000222e-01,3.370129383313613403e+01,2.994187775123495499e+01,3.219752740037566241e+01,2.456631574749862157e+00,2.974089582562579892e+01,3.835088406504718250e+02,2.363100856729586141e+01,3.598778320831759743e+02
6.000000000000000888e-01,3.252436014343408743e+01,2.973828528614517452e+01,3.085271522906073116e+01,2.842525304380681739e+00,2.801018992468004853e+01,3.802059837294121962e+02,2.779245665121179698e+01,3.524135270782003886e+02
8.000000000000000444e-01,3.194098834048309854e+01,2.959805949188472241e+01,3.006664526160439621e+01,3.142195408230187503e+00,2.692444985337420960e+01,3.796974237292560588e+02,3.088563917728227537e+01,3.488117845519738012e+02
1.000000000000000000e+00,3.128732331065963379e+01,2.929607690668730768e+01,2.929607690668730768e+01,3.292303362087566132e+00,2.600377354459974200e+01,3.787851311021745460e+02,3.281038194624905913e+01,3.459747491559255081e+02
